{"cameraMode":{"drawMode":0,"name":"Shaded","section":"Shading Mode"},"sceneLighting":false,"audioPlay":false,"sceneViewState":{"m_AlwaysRefresh":false,"showFog":true,"showSkybox":false,"showFlares":true,"showImageEffects":true,"showParticleSystems":true,"showVisualEffectGraphs":true,"m_FxEnabled":true},"in2DMode":false,"pivot":{"x":-1.1166410446166993,"y":1.6344822645187379,"z":1.6317306756973267},"rotation":{"x":-0.0027505315374583008,"y":-0.9964368939399719,"z":-0.035887621343135837,"w":0.07638642191886902},"size":2.638723850250244,"orthographic":true}