{"cameraMode":{"drawMode":0,"name":"Shaded","section":"Shading Mode"},"sceneLighting":false,"audioPlay":false,"sceneViewState":{"m_AlwaysRefresh":false,"showFog":true,"showSkybox":false,"showFlares":true,"showImageEffects":true,"showParticleSystems":true,"showVisualEffectGraphs":true,"m_FxEnabled":true},"in2DMode":false,"pivot":{"x":711.6228637695313,"y":539.7107543945313,"z":-712.770751953125},"rotation":{"x":-0.00035253941314294934,"y":0.9858238101005554,"z":-0.002068083733320236,"w":-0.16780687868595124},"size":382.7196350097656,"orthographic":false}