{"cameraMode":{"drawMode":0,"name":"Shaded","section":"Shading Mode"},"sceneLighting":false,"audioPlay":false,"sceneViewState":{"m_AlwaysRefresh":false,"showFog":true,"showSkybox":false,"showFlares":true,"showImageEffects":true,"showParticleSystems":true,"showVisualEffectGraphs":true,"m_FxEnabled":true},"in2DMode":false,"pivot":{"x":-1.4874788522720338,"y":1.2061636447906495,"z":0.05489584058523178},"rotation":{"x":-0.17047789692878724,"y":0.7040243148803711,"z":-0.18037422001361848,"w":-0.6653972864151001},"size":4.406020164489746,"orthographic":false}