{"cameraMode":{"drawMode":0,"name":"Shaded","section":"Shading Mode"},"sceneLighting":false,"audioPlay":false,"sceneViewState":{"m_AlwaysRefresh":false,"showFog":true,"showSkybox":false,"showFlares":true,"showImageEffects":true,"showParticleSystems":true,"showVisualEffectGraphs":true,"m_FxEnabled":true},"in2DMode":false,"pivot":{"x":-2.7315235137939455,"y":2.625655174255371,"z":20.877010345458986},"rotation":{"x":-0.004229868296533823,"y":0.7092121839523315,"z":0.00425532553344965,"w":0.7049697041511536},"size":52.45168685913086,"orthographic":true}