{"cameraMode":{"drawMode":0,"name":"Shaded","section":"Shading Mode"},"sceneLighting":false,"audioPlay":false,"sceneViewState":{"m_AlwaysRefresh":false,"showFog":true,"showSkybox":false,"showFlares":true,"showImageEffects":true,"showParticleSystems":true,"showVisualEffectGraphs":true,"m_FxEnabled":true},"in2DMode":false,"pivot":{"x":1.8355364799499512,"y":-0.40133023262023928,"z":10.458377838134766},"rotation":{"x":0.21709638833999635,"y":0.7384189367294312,"z":-0.2792089581489563,"w":0.5741543769836426},"size":9.213098526000977,"orthographic":false}