{"cameraMode":{"drawMode":0,"name":"Shaded","section":"Shading Mode"},"sceneLighting":false,"audioPlay":false,"sceneViewState":{"m_AlwaysRefresh":false,"showFog":true,"showSkybox":false,"showFlares":true,"showImageEffects":true,"showParticleSystems":true,"showVisualEffectGraphs":true,"m_FxEnabled":true},"in2DMode":false,"pivot":{"x":1278.5235595703125,"y":823.9505615234375,"z":-0.5921803116798401},"rotation":{"x":0.002348819049075246,"y":-0.9760630130767822,"z":0.010551655665040017,"w":0.21724872291088105},"size":2.154111862182617,"orthographic":false}