{"cameraMode":{"drawMode":0,"name":"Shaded","section":"Shading Mode"},"sceneLighting":false,"audioPlay":false,"sceneViewState":{"m_AlwaysRefresh":false,"showFog":true,"showSkybox":false,"showFlares":true,"showImageEffects":true,"showParticleSystems":true,"showVisualEffectGraphs":true,"m_FxEnabled":true},"in2DMode":false,"pivot":{"x":-1.1851876974105836,"y":-0.017832785844802858,"z":-1.2800501585006714},"rotation":{"x":0.10588128864765167,"y":-0.8140517473220825,"z":0.15698033571243287,"w":0.5490661263465881},"size":1.1572222709655762,"orthographic":true}