{"cameraMode":{"drawMode":0,"name":"Shaded","section":"Shading Mode"},"sceneLighting":false,"audioPlay":false,"sceneViewState":{"m_AlwaysRefresh":false,"showFog":true,"showSkybox":false,"showFlares":true,"showImageEffects":true,"showParticleSystems":true,"showVisualEffectGraphs":true,"m_FxEnabled":true},"in2DMode":false,"pivot":{"x":0.9156949520111084,"y":3.1551804542541506,"z":-0.63118577003479},"rotation":{"x":-0.002917724195867777,"y":-0.9967736005783081,"z":0.039787035435438159,"w":-0.07091516256332398},"size":5.416683673858643,"orthographic":true}