{"cameraMode":{"drawMode":0,"name":"Shaded","section":"Shading Mode"},"sceneLighting":false,"audioPlay":false,"sceneViewState":{"m_AlwaysRefresh":false,"showFog":true,"showSkybox":false,"showFlares":true,"showImageEffects":true,"showParticleSystems":true,"showVisualEffectGraphs":true,"m_FxEnabled":true},"in2DMode":false,"pivot":{"x":1.8477188348770142,"y":0.7967238426208496,"z":2.563168525695801},"rotation":{"x":0.09281802922487259,"y":0.7794886231422424,"z":-0.11900443583726883,"w":0.6079655289649963},"size":3.4018900394439699,"orthographic":true}