{"cameraMode":{"drawMode":0,"name":"Shaded","section":"Shading Mode"},"sceneLighting":false,"audioPlay":false,"sceneViewState":{"m_AlwaysRefresh":false,"showFog":true,"showSkybox":false,"showFlares":true,"showImageEffects":true,"showParticleSystems":true,"showVisualEffectGraphs":true,"m_FxEnabled":true},"in2DMode":false,"pivot":{"x":-0.005199074745178223,"y":1.8876826763153077,"z":-0.0506364107131958},"rotation":{"x":0.47895869612693789,"y":0.11212369799613953,"z":-0.061838261783123019,"w":0.8684534430503845},"size":3.038219451904297,"orthographic":false}