{"cameraMode":{"drawMode":0,"name":"Shaded","section":"Shading Mode"},"sceneLighting":false,"audioPlay":false,"sceneViewState":{"m_AlwaysRefresh":false,"showFog":true,"showSkybox":false,"showFlares":true,"showImageEffects":true,"showParticleSystems":true,"showVisualEffectGraphs":true,"m_FxEnabled":true},"in2DMode":false,"pivot":{"x":-0.22194352746009828,"y":2.6248984336853029,"z":0.10757226496934891},"rotation":{"x":0.07356169819831848,"y":0.8951546549797058,"z":-0.16094928979873658,"w":0.4091266095638275},"size":2.719907760620117,"orthographic":true}