{"cameraMode":{"drawMode":0,"name":"Shaded","section":"Shading Mode"},"sceneLighting":false,"audioPlay":false,"sceneViewState":{"m_AlwaysRefresh":false,"showFog":true,"showSkybox":false,"showFlares":true,"showImageEffects":true,"showParticleSystems":true,"showVisualEffectGraphs":true,"m_FxEnabled":true},"in2DMode":false,"pivot":{"x":5.838827610015869,"y":0.5681641101837158,"z":-3.1992664337158205},"rotation":{"x":-0.0028442218899726869,"y":0.8064259886741638,"z":-0.0038785936776548626,"w":-0.5913169980049133},"size":9.938081741333008,"orthographic":false}