{"cameraMode":{"drawMode":0,"name":"Shaded","section":"Shading Mode"},"sceneLighting":false,"audioPlay":false,"sceneViewState":{"m_AlwaysRefresh":false,"showFog":true,"showSkybox":false,"showFlares":true,"showImageEffects":true,"showParticleSystems":true,"showVisualEffectGraphs":true,"m_FxEnabled":true},"in2DMode":false,"pivot":{"x":1.2963542938232422,"y":4.173611164093018,"z":1.8017510175704957},"rotation":{"x":0.036616113036870959,"y":0.699155330657959,"z":-0.03589784353971481,"w":0.7131320238113403},"size":8.114928245544434,"orthographic":true}