{"cameraMode":{"drawMode":0,"name":"Shaded","section":"Shading Mode"},"sceneLighting":false,"audioPlay":false,"sceneViewState":{"m_AlwaysRefresh":false,"showFog":true,"showSkybox":false,"showFlares":true,"showImageEffects":true,"showParticleSystems":true,"showVisualEffectGraphs":true,"m_FxEnabled":true},"in2DMode":false,"pivot":{"x":0.19041302800178529,"y":1.623581051826477,"z":0.3722304105758667},"rotation":{"x":-0.16290642321109773,"y":-0.13955718278884889,"z":0.023244841024279596,"w":-0.9764893651008606},"size":2.5024139881134035,"orthographic":false}