{"cameraMode":{"drawMode":0,"name":"Shaded","section":"Shading Mode"},"sceneLighting":false,"audioPlay":false,"sceneViewState":{"m_AlwaysRefresh":false,"showFog":true,"showSkybox":false,"showFlares":true,"showImageEffects":true,"showParticleSystems":true,"showVisualEffectGraphs":true,"m_FxEnabled":true},"in2DMode":false,"pivot":{"x":1.0728260278701783,"y":2.108630418777466,"z":0.11653530597686768},"rotation":{"x":0.032963674515485767,"y":-0.04286142438650131,"z":0.0014149685157462955,"w":0.9985365867614746},"size":3.038219451904297,"orthographic":false}