{"cameraMode":{"drawMode":0,"name":"Shaded","section":"Shading Mode"},"sceneLighting":false,"audioPlay":false,"sceneViewState":{"m_AlwaysRefresh":false,"showFog":false,"showSkybox":false,"showFlares":false,"showImageEffects":false,"showParticleSystems":false,"showVisualEffectGraphs":true,"m_FxEnabled":true},"in2DMode":false,"pivot":{"x":0.029195547103881837,"y":0.7259484529495239,"z":0.18155916035175324},"rotation":{"x":-0.06253091245889664,"y":0.9330729246139526,"z":-0.19917938113212586,"w":-0.29293152689933779},"size":1.2155663967132569,"orthographic":false}