{"cameraMode":{"drawMode":0,"name":"Shaded","section":"Shading Mode"},"sceneLighting":false,"audioPlay":false,"sceneViewState":{"m_AlwaysRefresh":false,"showFog":true,"showSkybox":false,"showFlares":true,"showImageEffects":true,"showParticleSystems":true,"showVisualEffectGraphs":true,"m_FxEnabled":true},"in2DMode":false,"pivot":{"x":1.729730486869812,"y":1.5169329643249512,"z":-0.23219406604766847},"rotation":{"x":0.039519160985946658,"y":0.8592262268066406,"z":-0.06715595722198487,"w":0.5056288838386536},"size":2.786221981048584,"orthographic":false}