{"cameraMode":{"drawMode":0,"name":"Shaded","section":"Shading Mode"},"sceneLighting":true,"audioPlay":false,"sceneViewState":{"m_AlwaysRefresh":false,"showFog":true,"showSkybox":true,"showFlares":true,"showImageEffects":true,"showParticleSystems":true,"showVisualEffectGraphs":true,"m_FxEnabled":true},"in2DMode":false,"pivot":{"x":-1.7347973585128785,"y":3.614713430404663,"z":-2.6632871627807619},"rotation":{"x":0.12019136548042298,"y":0.3535209596157074,"z":-0.045858558267354968,"w":0.9265414476394653},"size":3.542027711868286,"orthographic":false}